IndicatorCode,Indicator,ValueType,ParentLocationCode,ParentLocation,Location type,SpatialDimValueCode,Location,Period type,Period,IsLatestYear,Dim1 type,Dim1,Dim1ValueCode,Dim2 type,Dim2,Dim2ValueCode,Dim3 type,Dim3,Dim3ValueCode,DataSourceDimValueCode,DataSource,FactValueNumericPrefix,FactValueNumeric,FactValueUoM,FactValueNumericLowPrefix,FactValueNumericLow,FactValueNumericHighPrefix,FactValueNumericHigh,Value,FactValueTranslationID,FactComments,Language,DateModified
ORALHEALTH_SUGAR_AVAILABILITY,Per capita availability of refined sugar (g/day),numeric,EUR,Europe,Country,IRL,Ireland,Year,2019,true,Sex,Both sexes,SEX_BTSX,,,,,,,,,,100.3,,,,,,100.3,,,EN,2023-04-20T04:00:00.000Z
ORALHEALTH_SUGAR_AVAILABILITY,Per capita availability of refined sugar (g/day),numeric,EUR,Europe,Country,DEU,Germany,Year,2019,true,Sex,Both sexes,SEX_BTSX,,,,,,,,,,100.6,,,,,,100.6,,,EN,2023-04-20T04:00:00.000Z
ORALHEALTH_SUGAR_AVAILABILITY,Per capita availability of refined sugar (g/day),numeric,WPR,Western Pacific,Country,AUS,Australia,Year,2019,true,Sex,Both sexes,SEX_BTSX,,,,,,,,,,100.7,,,,,,100.7,,,EN,2023-04-20T04:00:00.000Z
ORALHEALTH_SUGAR_AVAILABILITY,Per capita availability of refined sugar (g/day),numeric,AFR,Africa,Country,MRT,Mauritania,Year,2019,true,Sex,Both sexes,SEX_BTSX,,,,,,,,,,101.2,,,,,,101.2,,,EN,2023-04-20T04:00:00.000Z
ORALHEALTH_SUGAR_AVAILABILITY,Per capita availability of refined sugar (g/day),numeric,AMR,Americas,Country,DOM,Dominican Republic,Year,2019,true,Sex,Both sexes,SEX_BTSX,,,,,,,,,,102.5,,,,,,102.5,,,EN,2023-04-20T04:00:00.000Z
ORALHEALTH_SUGAR_AVAILABILITY,Per capita availability of refined sugar (g/day),numeric,EUR,Europe,Country,HRV,Croatia,Year,2019,true,Sex,Both sexes,SEX_BTSX,,,,,,,,,,102.8,,,,,,102.8,,,EN,2023-04-20T04:00:00.000Z
ORALHEALTH_SUGAR_AVAILABILITY,Per capita availability of refined sugar (g/day),numeric,AMR,Americas,Country,ARG,Argentina,Year,2019,true,Sex,Both sexes,SEX_BTSX,,,,,,,,,,104.6,,,,,,104.6,,,EN,2023-04-20T04:00:00.000Z
ORALHEALTH_SUGAR_AVAILABILITY,Per capita availability of refined sugar (g/day),numeric,EUR,Europe,Country,MKD,The former Yugoslav Republic of Macedonia,Year,2019,true,Sex,Both sexes,SEX_BTSX,,,,,,,,,,106.8,,,,,,106.8,,,EN,2023-04-20T04:00:00.000Z
ORALHEALTH_SUGAR_AVAILABILITY,Per capita availability of refined sugar (g/day),numeric,AMR,Americas,Country,DMA,Dominica,Year,2019,true,Sex,Both sexes,SEX_BTSX,,,,,,,,,,107,,,,,,107.0,,,EN,2023-04-20T04:00:00.000Z
ORALHEALTH_SUGAR_AVAILABILITY,Per capita availability of refined sugar (g/day),numeric,AMR,Americas,Country,LCA,Saint Lucia,Year,2019,true,Sex,Both sexes,SEX_BTSX,,,,,,,,,,107.3,,,,,,107.3,,,EN,2023-04-20T04:00:00.000Z
ORALHEALTH_SUGAR_AVAILABILITY,Per capita availability of refined sugar (g/day),numeric,AMR,Americas,Country,BRA,Brazil,Year,2019,true,Sex,Both sexes,SEX_BTSX,,,,,,,,,,107.8,,,,,,107.8,,,EN,2023-04-20T04:00:00.000Z
ORALHEALTH_SUGAR_AVAILABILITY,Per capita availability of refined sugar (g/day),numeric,EMR,Eastern Mediterranean,Country,LBN,Lebanon,Year,2019,true,Sex,Both sexes,SEX_BTSX,,,,,,,,,,108.7,,,,,,108.7,,,EN,2023-04-20T04:00:00.000Z
ORALHEALTH_SUGAR_AVAILABILITY,Per capita availability of refined sugar (g/day),numeric,AMR,Americas,Country,BLZ,Belize,Year,2019,true,Sex,Both sexes,SEX_BTSX,,,,,,,,,,110.5,,,,,,110.5,,,EN,2023-04-20T04:00:00.000Z
ORALHEALTH_SUGAR_AVAILABILITY,Per capita availability of refined sugar (g/day),numeric,AMR,Americas,Country,URY,Uruguay,Year,2019,true,Sex,Both sexes,SEX_BTSX,,,,,,,,,,110.7,,,,,,110.7,,,EN,2023-04-20T04:00:00.000Z
ORALHEALTH_SUGAR_AVAILABILITY,Per capita availability of refined sugar (g/day),numeric,AMR,Americas,Country,HND,Honduras,Year,2019,true,Sex,Both sexes,SEX_BTSX,,,,,,,,,,111.8,,,,,,111.8,,,EN,2023-04-20T04:00:00.000Z
ORALHEALTH_SUGAR_AVAILABILITY,Per capita availability of refined sugar (g/day),numeric,AMR,Americas,Country,NIC,Nicaragua,Year,2019,true,Sex,Both sexes,SEX_BTSX,,,,,,,,,,112.2,,,,,,112.2,,,EN,2023-04-20T04:00:00.000Z
ORALHEALTH_SUGAR_AVAILABILITY,Per capita availability of refined sugar (g/day),numeric,AMR,Americas,Country,SUR,Suriname,Year,2019,true,Sex,Both sexes,SEX_BTSX,,,,,,,,,,112.7,,,,,,112.7,,,EN,2023-04-20T04:00:00.000Z
ORALHEALTH_SUGAR_AVAILABILITY,Per capita availability of refined sugar (g/day),numeric,EMR,Eastern Mediterranean,Country,DJI,Djibouti,Year,2019,true,Sex,Both sexes,SEX_BTSX,,,,,,,,,,112.8,,,,,,112.8,,,EN,2023-04-20T04:00:00.000Z
ORALHEALTH_SUGAR_AVAILABILITY,Per capita availability of refined sugar (g/day),numeric,AMR,Americas,Country,SLV,El Salvador,Year,2019,true,Sex,Both sexes,SEX_BTSX,,,,,,,,,,113.1,,,,,,113.1,,,EN,2023-04-20T04:00:00.000Z
ORALHEALTH_SUGAR_AVAILABILITY,Per capita availability of refined sugar (g/day),numeric,EUR,Europe,Country,CHE,Switzerland,Year,2019,true,Sex,Both sexes,SEX_BTSX,,,,,,,,,,113.7,,,,,,113.7,,,EN,2023-04-20T04:00:00.000Z
ORALHEALTH_SUGAR_AVAILABILITY,Per capita availability of refined sugar (g/day),numeric,EUR,Europe,Country,AUT,Austria,Year,2019,true,Sex,Both sexes,SEX_BTSX,,,,,,,,,,114.5,,,,,,114.5,,,EN,2023-04-20T04:00:00.000Z
ORALHEALTH_SUGAR_AVAILABILITY,Per capita availability of refined sugar (g/day),numeric,WPR,Western Pacific,Country,MYS,Malaysia,Year,2019,true,Sex,Both sexes,SEX_BTSX,,,,,,,,,,116.1,,,,,,116.1,,,EN,2023-04-20T04:00:00.000Z
ORALHEALTH_SUGAR_AVAILABILITY,Per capita availability of refined sugar (g/day),numeric,AMR,Americas,Country,CHL,Chile,Year,2019,true,Sex,Both sexes,SEX_BTSX,,,,,,,,,,117.1,,,,,,117.1,,,EN,2023-04-20T04:00:00.000Z
ORALHEALTH_SUGAR_AVAILABILITY,Per capita availability of refined sugar (g/day),numeric,SEAR,South-East Asia,Country,THA,Thailand,Year,2019,true,Sex,Both sexes,SEX_BTSX,,,,,,,,,,117.3,,,,,,117.3,,,EN,2023-04-20T04:00:00.000Z
ORALHEALTH_SUGAR_AVAILABILITY,Per capita availability of refined sugar (g/day),numeric,EUR,Europe,Country,MLT,Malta,Year,2019,true,Sex,Both sexes,SEX_BTSX,,,,,,,,,,117.4,,,,,,117.4,,,EN,2023-04-20T04:00:00.000Z
ORALHEALTH_SUGAR_AVAILABILITY,Per capita availability of refined sugar (g/day),numeric,EUR,Europe,Country,DNK,Denmark,Year,2019,true,Sex,Both sexes,SEX_BTSX,,,,,,,,,,119.2,,,,,,119.2,,,EN,2023-04-20T04:00:00.000Z
ORALHEALTH_SUGAR_AVAILABILITY,Per capita availability of refined sugar (g/day),numeric,SEAR,South-East Asia,Country,PRK,Democratic People's Republic of Korea,Year,2019,true,Sex,Both sexes,SEX_BTSX,,,,,,,,,,12.16,,,,,,12.2,,,EN,2023-04-20T04:00:00.000Z
ORALHEALTH_SUGAR_AVAILABILITY,Per capita availability of refined sugar (g/day),numeric,AFR,Africa,Country,NER,Niger,Year,2019,true,Sex,Both sexes,SEX_BTSX,,,,,,,,,,12.9,,,,,,12.9,,,EN,2023-04-20T04:00:00.000Z
ORALHEALTH_SUGAR_AVAILABILITY,Per capita availability of refined sugar (g/day),numeric,EUR,Europe,Country,POL,Poland,Year,2019,true,Sex,Both sexes,SEX_BTSX,,,,,,,,,,120.2,,,,,,120.2,,,EN,2023-04-20T04:00:00.000Z
ORALHEALTH_SUGAR_AVAILABILITY,Per capita availability of refined sugar (g/day),numeric,AMR,Americas,Country,GTM,Guatemala,Year,2019,true,Sex,Both sexes,SEX_BTSX,,,,,,,,,,120.3,,,,,,120.3,,,EN,2023-04-20T04:00:00.000Z
ORALHEALTH_SUGAR_AVAILABILITY,Per capita availability of refined sugar (g/day),numeric,AMR,Americas,Country,CRI,Costa Rica,Year,2019,true,Sex,Both sexes,SEX_BTSX,,,,,,,,,,130.4,,,,,,130.4,,,EN,2023-04-20T04:00:00.000Z
ORALHEALTH_SUGAR_AVAILABILITY,Per capita availability of refined sugar (g/day),numeric,WPR,Western Pacific,Country,NZL,New Zealand,Year,2019,true,Sex,Both sexes,SEX_BTSX,,,,,,,,,,131.7,,,,,,131.7,,,EN,2023-04-20T04:00:00.000Z
ORALHEALTH_SUGAR_AVAILABILITY,Per capita availability of refined sugar (g/day),numeric,EUR,Europe,Country,BEL,Belgium,Year,2019,true,Sex,Both sexes,SEX_BTSX,,,,,,,,,,132.4,,,,,,132.4,,,EN,2023-04-20T04:00:00.000Z
ORALHEALTH_SUGAR_AVAILABILITY,Per capita availability of refined sugar (g/day),numeric,AMR,Americas,Country,JAM,Jamaica,Year,2019,true,Sex,Both sexes,SEX_BTSX,,,,,,,,,,134.8,,,,,,134.8,,,EN,2023-04-20T04:00:00.000Z
ORALHEALTH_SUGAR_AVAILABILITY,Per capita availability of refined sugar (g/day),numeric,WPR,Western Pacific,Country,KIR,Kiribati,Year,2019,true,Sex,Both sexes,SEX_BTSX,,,,,,,,,,135,,,,,,135.0,,,EN,2023-04-20T04:00:00.000Z
ORALHEALTH_SUGAR_AVAILABILITY,Per capita availability of refined sugar (g/day),numeric,AMR,Americas,Country,TTO,Trinidad and Tobago,Year,2019,true,Sex,Both sexes,SEX_BTSX,,,,,,,,,,137.6,,,,,,137.6,,,EN,2023-04-20T04:00:00.000Z
ORALHEALTH_SUGAR_AVAILABILITY,Per capita availability of refined sugar (g/day),numeric,AFR,Africa,Country,CAF,Central African Republic,Year,2019,true,Sex,Both sexes,SEX_BTSX,,,,,,,,,,14.63,,,,,,14.6,,,EN,2023-04-20T04:00:00.000Z
ORALHEALTH_SUGAR_AVAILABILITY,Per capita availability of refined sugar (g/day),numeric,AMR,Americas,Country,CUB,Cuba,Year,2019,true,Sex,Both sexes,SEX_BTSX,,,,,,,,,,141,,,,,,141.0,,,EN,2023-04-20T04:00:00.000Z
ORALHEALTH_SUGAR_AVAILABILITY,Per capita availability of refined sugar (g/day),numeric,AMR,Americas,Country,BRB,Barbados,Year,2019,true,Sex,Both sexes,SEX_BTSX,,,,,,,,,,148.2,,,,,,148.2,,,EN,2023-04-20T04:00:00.000Z
ORALHEALTH_SUGAR_AVAILABILITY,Per capita availability of refined sugar (g/day),numeric,AFR,Africa,Country,MWI,Malawi,Year,2019,true,Sex,Both sexes,SEX_BTSX,,,,,,,,,,15.37,,,,,,15.4,,,EN,2023-04-20T04:00:00.000Z
ORALHEALTH_SUGAR_AVAILABILITY,Per capita availability of refined sugar (g/day),numeric,SEAR,South-East Asia,Country,BGD,Bangladesh,Year,2019,true,Sex,Both sexes,SEX_BTSX,,,,,,,,,,16.93,,,,,,16.9,,,EN,2023-04-20T04:00:00.000Z
ORALHEALTH_SUGAR_AVAILABILITY,Per capita availability of refined sugar (g/day),numeric,AFR,Africa,Country,BFA,Burkina Faso,Year,2019,true,Sex,Both sexes,SEX_BTSX,,,,,,,,,,17.01,,,,,,17.0,,,EN,2023-04-20T04:00:00.000Z
ORALHEALTH_SUGAR_AVAILABILITY,Per capita availability of refined sugar (g/day),numeric,AFR,Africa,Country,LBR,Liberia,Year,2019,true,Sex,Both sexes,SEX_BTSX,,,,,,,,,,17.04,,,,,,17.0,,,EN,2023-04-20T04:00:00.000Z
ORALHEALTH_SUGAR_AVAILABILITY,Per capita availability of refined sugar (g/day),numeric,SEAR,South-East Asia,Country,NPL,Nepal,Year,2019,true,Sex,Both sexes,SEX_BTSX,,,,,,,,,,18.49,,,,,,18.5,,,EN,2023-04-20T04:00:00.000Z
ORALHEALTH_SUGAR_AVAILABILITY,Per capita availability of refined sugar (g/day),numeric,WPR,Western Pacific,Country,CHN,China,Year,2019,true,Sex,Both sexes,SEX_BTSX,,,,,,,,,,19.1,,,,,,19.1,,,EN,2023-04-20T04:00:00.000Z
ORALHEALTH_SUGAR_AVAILABILITY,Per capita availability of refined sugar (g/day),numeric,AFR,Africa,Country,MDG,Madagascar,Year,2019,true,Sex,Both sexes,SEX_BTSX,,,,,,,,,,20.22,,,,,,20.2,,,EN,2023-04-20T04:00:00.000Z
ORALHEALTH_SUGAR_AVAILABILITY,Per capita availability of refined sugar (g/day),numeric,AFR,Africa,Country,SLE,Sierra Leone,Year,2019,true,Sex,Both sexes,SEX_BTSX,,,,,,,,,,20.88,,,,,,20.9,,,EN,2023-04-20T04:00:00.000Z
ORALHEALTH_SUGAR_AVAILABILITY,Per capita availability of refined sugar (g/day),numeric,WPR,Western Pacific,Country,LAO,Lao People's Democratic Republic,Year,2019,true,Sex,Both sexes,SEX_BTSX,,,,,,,,,,23.37,,,,,,23.4,,,EN,2023-04-20T04:00:00.000Z
ORALHEALTH_SUGAR_AVAILABILITY,Per capita availability of refined sugar (g/day),numeric,AFR,Africa,Country,TCD,Chad,Year,2019,true,Sex,Both sexes,SEX_BTSX,,,,,,,,,,24.33,,,,,,24.3,,,EN,2023-04-20T04:00:00.000Z
ORALHEALTH_SUGAR_AVAILABILITY,Per capita availability of refined sugar (g/day),numeric,AFR,Africa,Country,LSO,Lesotho,Year,2019,true,Sex,Both sexes,SEX_BTSX,,,,,,,,,,25.34,,,,,,25.3,,,EN,2023-04-20T04:00:00.000Z
ORALHEALTH_SUGAR_AVAILABILITY,Per capita availability of refined sugar (g/day),numeric,AFR,Africa,Country,RWA,Rwanda,Year,2019,true,Sex,Both sexes,SEX_BTSX,,,,,,,,,,25.84,,,,,,25.8,,,EN,2023-04-20T04:00:00.000Z
ORALHEALTH_SUGAR_AVAILABILITY,Per capita availability of refined sugar (g/day),numeric,AFR,Africa,Country,ETH,Ethiopia,Year,2019,true,Sex,Both sexes,SEX_BTSX,,,,,,,,,,26,,,,,,26.0,,,EN,2023-04-20T04:00:00.000Z
ORALHEALTH_SUGAR_AVAILABILITY,Per capita availability of refined sugar (g/day),numeric,WPR,Western Pacific,Country,PNG,Papua New Guinea,Year,2019,true,Sex,Both sexes,SEX_BTSX,,,,,,,,,,26.85,,,,,,26.8,,,EN,2023-04-20T04:00:00.000Z
ORALHEALTH_SUGAR_AVAILABILITY,Per capita availability of refined sugar (g/day),numeric,AFR,Africa,Country,CMR,Cameroon,Year,2019,true,Sex,Both sexes,SEX_BTSX,,,,,,,,,,26.96,,,,,,27.0,,,EN,2023-04-20T04:00:00.000Z
ORALHEALTH_SUGAR_AVAILABILITY,Per capita availability of refined sugar (g/day),numeric,AFR,Africa,Country,NGA,Nigeria,Year,2019,true,Sex,Both sexes,SEX_BTSX,,,,,,,,,,27.01,,,,,,27.0,,,EN,2023-04-20T04:00:00.000Z
ORALHEALTH_SUGAR_AVAILABILITY,Per capita availability of refined sugar (g/day),numeric,WPR,Western Pacific,Country,MNG,Mongolia,Year,2019,true,Sex,Both sexes,SEX_BTSX,,,,,,,,,,27.29,,,,,,27.3,,,EN,2023-04-20T04:00:00.000Z
ORALHEALTH_SUGAR_AVAILABILITY,Per capita availability of refined sugar (g/day),numeric,WPR,Western Pacific,Country,VNM,Viet Nam,Year,2019,true,Sex,Both sexes,SEX_BTSX,,,,,,,,,,27.56,,,,,,27.6,,,EN,2023-04-20T04:00:00.000Z
ORALHEALTH_SUGAR_AVAILABILITY,Per capita availability of refined sugar (g/day),numeric,WPR,Western Pacific,Country,SLB,Solomon Islands,Year,2019,true,Sex,Both sexes,SEX_BTSX,,,,,,,,,,28.99,,,,,,29.0,,,EN,2023-04-20T04:00:00.000Z
ORALHEALTH_SUGAR_AVAILABILITY,Per capita availability of refined sugar (g/day),numeric,WPR,Western Pacific,Country,VUT,Vanuatu,Year,2019,true,Sex,Both sexes,SEX_BTSX,,,,,,,,,,29.07,,,,,,29.1,,,EN,2023-04-20T04:00:00.000Z
ORALHEALTH_SUGAR_AVAILABILITY,Per capita availability of refined sugar (g/day),numeric,AFR,Africa,Country,CIV,Côte d’Ivoire,Year,2019,true,Sex,Both sexes,SEX_BTSX,,,,,,,,,,29.78,,,,,,29.8,,,EN,2023-04-20T04:00:00.000Z
ORALHEALTH_SUGAR_AVAILABILITY,Per capita availability of refined sugar (g/day),numeric,AFR,Africa,Country,BEN,Benin,Year,2019,true,Sex,Both sexes,SEX_BTSX,,,,,,,,,,29.89,,,,,,29.9,,,EN,2023-04-20T04:00:00.000Z
ORALHEALTH_SUGAR_AVAILABILITY,Per capita availability of refined sugar (g/day),numeric,AFR,Africa,Country,COM,Comoros,Year,2019,true,Sex,Both sexes,SEX_BTSX,,,,,,,,,,30.3,,,,,,30.3,,,EN,2023-04-20T04:00:00.000Z
ORALHEALTH_SUGAR_AVAILABILITY,Per capita availability of refined sugar (g/day),numeric,EUR,Europe,Country,LUX,Luxembourg,Year,2019,true,Sex,Both sexes,SEX_BTSX,,,,,,,,,,30.41,,,,,,30.4,,,EN,2023-04-20T04:00:00.000Z
ORALHEALTH_SUGAR_AVAILABILITY,Per capita availability of refined sugar (g/day),numeric,AFR,Africa,Country,GHA,Ghana,Year,2019,true,Sex,Both sexes,SEX_BTSX,,,,,,,,,,30.74,,,,,,30.7,,,EN,2023-04-20T04:00:00.000Z
ORALHEALTH_SUGAR_AVAILABILITY,Per capita availability of refined sugar (g/day),numeric,AFR,Africa,Country,AGO,Angola,Year,2019,true,Sex,Both sexes,SEX_BTSX,,,,,,,,,,30.88,,,,,,30.9,,,EN,2023-04-20T04:00:00.000Z
ORALHEALTH_SUGAR_AVAILABILITY,Per capita availability of refined sugar (g/day),numeric,AFR,Africa,Country,UGA,Uganda,Year,2019,true,Sex,Both sexes,SEX_BTSX,,,,,,,,,,30.96,,,,,,31.0,,,EN,2023-04-20T04:00:00.000Z
ORALHEALTH_SUGAR_AVAILABILITY,Per capita availability of refined sugar (g/day),numeric,AFR,Africa,Country,TGO,Togo,Year,2019,true,Sex,Both sexes,SEX_BTSX,,,,,,,,,,31.23,,,,,,31.2,,,EN,2023-04-20T04:00:00.000Z
ORALHEALTH_SUGAR_AVAILABILITY,Per capita availability of refined sugar (g/day),numeric,AFR,Africa,Country,TZA,United Republic of Tanzania,Year,2019,true,Sex,Both sexes,SEX_BTSX,,,,,,,,,,32,,,,,,32.0,,,EN,2023-04-20T04:00:00.000Z
ORALHEALTH_SUGAR_AVAILABILITY,Per capita availability of refined sugar (g/day),numeric,AFR,Africa,Country,COG,Congo,Year,2019,true,Sex,Both sexes,SEX_BTSX,,,,,,,,,,32.55,,,,,,32.5,,,EN,2023-04-20T04:00:00.000Z
ORALHEALTH_SUGAR_AVAILABILITY,Per capita availability of refined sugar (g/day),numeric,AFR,Africa,Country,ZMB,Zambia,Year,2019,true,Sex,Both sexes,SEX_BTSX,,,,,,,,,,32.49,,,,,,32.5,,,EN,2023-04-20T04:00:00.000Z
ORALHEALTH_SUGAR_AVAILABILITY,Per capita availability of refined sugar (g/day),numeric,AFR,Africa,Country,MLI,Mali,Year,2019,true,Sex,Both sexes,SEX_BTSX,,,,,,,,,,32.71,,,,,,32.7,,,EN,2023-04-20T04:00:00.000Z
ORALHEALTH_SUGAR_AVAILABILITY,Per capita availability of refined sugar (g/day),numeric,AFR,Africa,Country,MOZ,Mozambique,Year,2019,true,Sex,Both sexes,SEX_BTSX,,,,,,,,,,33.97,,,,,,34.0,,,EN,2023-04-20T04:00:00.000Z
ORALHEALTH_SUGAR_AVAILABILITY,Per capita availability of refined sugar (g/day),numeric,AFR,Africa,Country,GIN,Guinea,Year,2019,true,Sex,Both sexes,SEX_BTSX,,,,,,,,,,34.08,,,,,,34.1,,,EN,2023-04-20T04:00:00.000Z
ORALHEALTH_SUGAR_AVAILABILITY,Per capita availability of refined sugar (g/day),numeric,AFR,Africa,Country,STP,Sao Tome and Principe,Year,2019,true,Sex,Both sexes,SEX_BTSX,,,,,,,,,,36.88,,,,,,36.9,,,EN,2023-04-20T04:00:00.000Z
ORALHEALTH_SUGAR_AVAILABILITY,Per capita availability of refined sugar (g/day),numeric,EUR,Europe,Country,KGZ,Kyrgyzstan,Year,2019,true,Sex,Both sexes,SEX_BTSX,,,,,,,,,,37.48,,,,,,37.5,,,EN,2023-04-20T04:00:00.000Z
ORALHEALTH_SUGAR_AVAILABILITY,Per capita availability of refined sugar (g/day),numeric,WPR,Western Pacific,Country,JPN,Japan,Year,2019,true,Sex,Both sexes,SEX_BTSX,,,,,,,,,,44.16,,,,,,44.2,,,EN,2023-04-20T04:00:00.000Z
ORALHEALTH_SUGAR_AVAILABILITY,Per capita availability of refined sugar (g/day),numeric,AFR,Africa,Country,SEN,Senegal,Year,2019,true,Sex,Both sexes,SEX_BTSX,,,,,,,,,,44.47,,,,,,44.5,,,EN,2023-04-20T04:00:00.000Z
ORALHEALTH_SUGAR_AVAILABILITY,Per capita availability of refined sugar (g/day),numeric,EUR,Europe,Country,ALB,Albania,Year,2019,true,Sex,Both sexes,SEX_BTSX,,,,,,,,,,45.15,,,,,,45.2,,,EN,2023-04-20T04:00:00.000Z
ORALHEALTH_SUGAR_AVAILABILITY,Per capita availability of refined sugar (g/day),numeric,EUR,Europe,Country,TKM,Turkmenistan,Year,2019,true,Sex,Both sexes,SEX_BTSX,,,,,,,,,,46.49,,,,,,46.5,,,EN,2023-04-20T04:00:00.000Z
ORALHEALTH_SUGAR_AVAILABILITY,Per capita availability of refined sugar (g/day),numeric,EMR,Eastern Mediterranean,Country,AFG,Afghanistan,Year,2019,true,Sex,Both sexes,SEX_BTSX,,,,,,,,,,46.79,,,,,,46.8,,,EN,2023-04-20T04:00:00.000Z
ORALHEALTH_SUGAR_AVAILABILITY,Per capita availability of refined sugar (g/day),numeric,AFR,Africa,Country,CPV,Cabo Verde,Year,2019,true,Sex,Both sexes,SEX_BTSX,,,,,,,,,,46.99,,,,,,47.0,,,EN,2023-04-20T04:00:00.000Z
ORALHEALTH_SUGAR_AVAILABILITY,Per capita availability of refined sugar (g/day),numeric,AFR,Africa,Country,GAB,Gabon,Year,2019,true,Sex,Both sexes,SEX_BTSX,,,,,,,,,,46.99,,,,,,47.0,,,EN,2023-04-20T04:00:00.000Z
ORALHEALTH_SUGAR_AVAILABILITY,Per capita availability of refined sugar (g/day),numeric,AFR,Africa,Country,KEN,Kenya,Year,2019,true,Sex,Both sexes,SEX_BTSX,,,,,,,,,,47.34,,,,,,47.3,,,EN,2023-04-20T04:00:00.000Z
ORALHEALTH_SUGAR_AVAILABILITY,Per capita availability of refined sugar (g/day),numeric,EMR,Eastern Mediterranean,Country,IRQ,Iraq,Year,2019,true,Sex,Both sexes,SEX_BTSX,,,,,,,,,,47.4,,,,,,47.4,,,EN,2023-04-20T04:00:00.000Z
ORALHEALTH_SUGAR_AVAILABILITY,Per capita availability of refined sugar (g/day),numeric,EUR,Europe,Country,TJK,Tajikistan,Year,2019,true,Sex,Both sexes,SEX_BTSX,,,,,,,,,,49.1,,,,,,49.1,,,EN,2023-04-20T04:00:00.000Z
ORALHEALTH_SUGAR_AVAILABILITY,Per capita availability of refined sugar (g/day),numeric,EUR,Europe,Country,BIH,Bosnia and Herzegovina,Year,2019,true,Sex,Both sexes,SEX_BTSX,,,,,,,,,,49.84,,,,,,49.8,,,EN,2023-04-20T04:00:00.000Z
ORALHEALTH_SUGAR_AVAILABILITY,Per capita availability of refined sugar (g/day),numeric,EUR,Europe,Country,MDA,Republic of Moldova,Year,2019,true,Sex,Both sexes,SEX_BTSX,,,,,,,,,,49.92,,,,,,49.9,,,EN,2023-04-20T04:00:00.000Z
ORALHEALTH_SUGAR_AVAILABILITY,Per capita availability of refined sugar (g/day),numeric,EUR,Europe,Country,EST,Estonia,Year,2019,true,Sex,Both sexes,SEX_BTSX,,,,,,,,,,51.37,,,,,,51.4,,,EN,2023-04-20T04:00:00.000Z
ORALHEALTH_SUGAR_AVAILABILITY,Per capita availability of refined sugar (g/day),numeric,EUR,Europe,Country,CYP,Cyprus,Year,2019,true,Sex,Both sexes,SEX_BTSX,,,,,,,,,,52.36,,,,,,52.4,,,EN,2023-04-20T04:00:00.000Z
ORALHEALTH_SUGAR_AVAILABILITY,Per capita availability of refined sugar (g/day),numeric,AFR,Africa,Country,ZWE,Zimbabwe,Year,2019,true,Sex,Both sexes,SEX_BTSX,,,,,,,,,,53.23,,,,,,53.2,,,EN,2023-04-20T04:00:00.000Z
ORALHEALTH_SUGAR_AVAILABILITY,Per capita availability of refined sugar (g/day),numeric,EUR,Europe,Country,UZB,Uzbekistan,Year,2019,true,Sex,Both sexes,SEX_BTSX,,,,,,,,,,53.48,,,,,,53.5,,,EN,2023-04-20T04:00:00.000Z
ORALHEALTH_SUGAR_AVAILABILITY,Per capita availability of refined sugar (g/day),numeric,SEAR,South-East Asia,Country,IND,India,Year,2019,true,Sex,Both sexes,SEX_BTSX,,,,,,,,,,53.81,,,,,,53.8,,,EN,2023-04-20T04:00:00.000Z
ORALHEALTH_SUGAR_AVAILABILITY,Per capita availability of refined sugar (g/day),numeric,EUR,Europe,Country,AZE,Azerbaijan,Year,2019,true,Sex,Both sexes,SEX_BTSX,,,,,,,,,,54.16,,,,,,54.2,,,EN,2023-04-20T04:00:00.000Z
ORALHEALTH_SUGAR_AVAILABILITY,Per capita availability of refined sugar (g/day),numeric,AMR,Americas,Country,PER,Peru,Year,2019,true,Sex,Both sexes,SEX_BTSX,,,,,,,,,,54.71,,,,,,54.7,,,EN,2023-04-20T04:00:00.000Z
ORALHEALTH_SUGAR_AVAILABILITY,Per capita availability of refined sugar (g/day),numeric,EUR,Europe,Country,HUN,Hungary,Year,2019,true,Sex,Both sexes,SEX_BTSX,,,,,,,,,,55.1,,,,,,55.1,,,EN,2023-04-20T04:00:00.000Z
ORALHEALTH_SUGAR_AVAILABILITY,Per capita availability of refined sugar (g/day),numeric,EUR,Europe,Country,MNE,Montenegro,Year,2019,true,Sex,Both sexes,SEX_BTSX,,,,,,,,,,55.53,,,,,,55.5,,,EN,2023-04-20T04:00:00.000Z
ORALHEALTH_SUGAR_AVAILABILITY,Per capita availability of refined sugar (g/day),numeric,AMR,Americas,Country,ECU,Ecuador,Year,2019,true,Sex,Both sexes,SEX_BTSX,,,,,,,,,,55.7,,,,,,55.7,,,EN,2023-04-20T04:00:00.000Z
ORALHEALTH_SUGAR_AVAILABILITY,Per capita availability of refined sugar (g/day),numeric,EMR,Eastern Mediterranean,Country,OMN,Oman,Year,2019,true,Sex,Both sexes,SEX_BTSX,,,,,,,,,,56.6,,,,,,56.6,,,EN,2023-04-20T04:00:00.000Z
ORALHEALTH_SUGAR_AVAILABILITY,Per capita availability of refined sugar (g/day),numeric,EMR,Eastern Mediterranean,Country,SYR,Syrian Arab Republic,Year,2019,true,Sex,Both sexes,SEX_BTSX,,,,,,,,,,57.29,,,,,,57.3,,,EN,2023-04-20T04:00:00.000Z
ORALHEALTH_SUGAR_AVAILABILITY,Per capita availability of refined sugar (g/day),numeric,AMR,Americas,Country,BOL,Bolivia (Plurinational State of),Year,2019,true,Sex,Both sexes,SEX_BTSX,,,,,,,,,,57.62,,,,,,57.6,,,EN,2023-04-20T04:00:00.000Z
ORALHEALTH_SUGAR_AVAILABILITY,Per capita availability of refined sugar (g/day),numeric,EMR,Eastern Mediterranean,Country,PAK,Pakistan,Year,2019,true,Sex,Both sexes,SEX_BTSX,,,,,,,,,,57.7,,,,,,57.7,,,EN,2023-04-20T04:00:00.000Z
ORALHEALTH_SUGAR_AVAILABILITY,Per capita availability of refined sugar (g/day),numeric,WPR,Western Pacific,Country,PHL,Philippines,Year,2019,true,Sex,Both sexes,SEX_BTSX,,,,,,,,,,57.78,,,,,,57.8,,,EN,2023-04-20T04:00:00.000Z
ORALHEALTH_SUGAR_AVAILABILITY,Per capita availability of refined sugar (g/day),numeric,EUR,Europe,Country,SVK,Slovakia,Year,2019,true,Sex,Both sexes,SEX_BTSX,,,,,,,,,,60.14,,,,,,60.1,,,EN,2023-04-20T04:00:00.000Z
ORALHEALTH_SUGAR_AVAILABILITY,Per capita availability of refined sugar (g/day),numeric,WPR,Western Pacific,Country,WSM,Samoa,Year,2019,true,Sex,Both sexes,SEX_BTSX,,,,,,,,,,61.12,,,,,,61.1,,,EN,2023-04-20T04:00:00.000Z
ORALHEALTH_SUGAR_AVAILABILITY,Per capita availability of refined sugar (g/day),numeric,AMR,Americas,Country,PRY,Paraguay,Year,2019,true,Sex,Both sexes,SEX_BTSX,,,,,,,,,,61.4,,,,,,61.4,,,EN,2023-04-20T04:00:00.000Z
ORALHEALTH_SUGAR_AVAILABILITY,Per capita availability of refined sugar (g/day),numeric,SEAR,South-East Asia,Country,TLS,Timor-Leste,Year,2019,true,Sex,Both sexes,SEX_BTSX,,,,,,,,,,61.45,,,,,,61.5,,,EN,2023-04-20T04:00:00.000Z
ORALHEALTH_SUGAR_AVAILABILITY,Per capita availability of refined sugar (g/day),numeric,WPR,Western Pacific,Country,FJI,Fiji,Year,2019,true,Sex,Both sexes,SEX_BTSX,,,,,,,,,,61.89,,,,,,61.9,,,EN,2023-04-20T04:00:00.000Z
ORALHEALTH_SUGAR_AVAILABILITY,Per capita availability of refined sugar (g/day),numeric,AMR,Americas,Country,ATG,Antigua and Barbuda,Year,2019,true,Sex,Both sexes,SEX_BTSX,,,,,,,,,,62.25,,,,,,62.2,,,EN,2023-04-20T04:00:00.000Z
ORALHEALTH_SUGAR_AVAILABILITY,Per capita availability of refined sugar (g/day),numeric,AFR,Africa,Country,BWA,Botswana,Year,2019,true,Sex,Both sexes,SEX_BTSX,,,,,,,,,,62.33,,,,,,62.3,,,EN,2023-04-20T04:00:00.000Z
ORALHEALTH_SUGAR_AVAILABILITY,Per capita availability of refined sugar (g/day),numeric,AFR,Africa,Country,NAM,Namibia,Year,2019,true,Sex,Both sexes,SEX_BTSX,,,,,,,,,,62.36,,,,,,62.4,,,EN,2023-04-20T04:00:00.000Z
ORALHEALTH_SUGAR_AVAILABILITY,Per capita availability of refined sugar (g/day),numeric,EUR,Europe,Country,PRT,Portugal,Year,2019,true,Sex,Both sexes,SEX_BTSX,,,,,,,,,,62.38,,,,,,62.4,,,EN,2023-04-20T04:00:00.000Z
ORALHEALTH_SUGAR_AVAILABILITY,Per capita availability of refined sugar (g/day),numeric,SEAR,South-East Asia,Country,MDV,Maldives,Year,2019,true,Sex,Both sexes,SEX_BTSX,,,,,,,,,,62.82,,,,,,62.8,,,EN,2023-04-20T04:00:00.000Z
ORALHEALTH_SUGAR_AVAILABILITY,Per capita availability of refined sugar (g/day),numeric,AMR,Americas,Country,PAN,Panama,Year,2019,true,Sex,Both sexes,SEX_BTSX,,,,,,,,,,63.21,,,,,,63.2,,,EN,2023-04-20T04:00:00.000Z
ORALHEALTH_SUGAR_AVAILABILITY,Per capita availability of refined sugar (g/day),numeric,AMR,Americas,Country,HTI,Haiti,Year,2019,true,Sex,Both sexes,SEX_BTSX,,,,,,,,,,64.25,,,,,,64.2,,,EN,2023-04-20T04:00:00.000Z
ORALHEALTH_SUGAR_AVAILABILITY,Per capita availability of refined sugar (g/day),numeric,SEAR,South-East Asia,Country,IDN,Indonesia,Year,2019,true,Sex,Both sexes,SEX_BTSX,,,,,,,,,,66.11,,,,,,66.1,,,EN,2023-04-20T04:00:00.000Z
ORALHEALTH_SUGAR_AVAILABILITY,Per capita availability of refined sugar (g/day),numeric,AFR,Africa,Country,SWZ,Eswatini,Year,2019,true,Sex,Both sexes,SEX_BTSX,,,,,,,,,,66.19,,,,,,66.2,,,EN,2023-04-20T04:00:00.000Z
ORALHEALTH_SUGAR_AVAILABILITY,Per capita availability of refined sugar (g/day),numeric,EMR,Eastern Mediterranean,Country,YEM,Yemen,Year,2019,true,Sex,Both sexes,SEX_BTSX,,,,,,,,,,66.71,,,,,,66.7,,,EN,2023-04-20T04:00:00.000Z
ORALHEALTH_SUGAR_AVAILABILITY,Per capita availability of refined sugar (g/day),numeric,EUR,Europe,Country,SRB,Serbia,Year,2019,true,Sex,Both sexes,SEX_BTSX,,,,,,,,,,67.59,,,,,,67.6,,,EN,2023-04-20T04:00:00.000Z
ORALHEALTH_SUGAR_AVAILABILITY,Per capita availability of refined sugar (g/day),numeric,AMR,Americas,Country,GUY,Guyana,Year,2019,true,Sex,Both sexes,SEX_BTSX,,,,,,,,,,68.96,,,,,,69.0,,,EN,2023-04-20T04:00:00.000Z
ORALHEALTH_SUGAR_AVAILABILITY,Per capita availability of refined sugar (g/day),numeric,EUR,Europe,Country,KAZ,Kazakhstan,Year,2019,true,Sex,Both sexes,SEX_BTSX,,,,,,,,,,69.07,,,,,,69.1,,,EN,2023-04-20T04:00:00.000Z
ORALHEALTH_SUGAR_AVAILABILITY,Per capita availability of refined sugar (g/day),numeric,AFR,Africa,Country,COD,Democratic Republic of the Congo,Year,2019,true,Sex,Both sexes,SEX_BTSX,,,,,,,,,,7.4,,,,,,7.4,,,EN,2023-04-20T04:00:00.000Z
ORALHEALTH_SUGAR_AVAILABILITY,Per capita availability of refined sugar (g/day),numeric,EMR,Eastern Mediterranean,Country,EGY,Egypt,Year,2019,true,Sex,Both sexes,SEX_BTSX,,,,,,,,,,70.93,,,,,,70.9,,,EN,2023-04-20T04:00:00.000Z
ORALHEALTH_SUGAR_AVAILABILITY,Per capita availability of refined sugar (g/day),numeric,EUR,Europe,Country,BLR,Belarus,Year,2019,true,Sex,Both sexes,SEX_BTSX,,,,,,,,,,71.97,,,,,,72.0,,,EN,2023-04-20T04:00:00.000Z
ORALHEALTH_SUGAR_AVAILABILITY,Per capita availability of refined sugar (g/day),numeric,WPR,Western Pacific,Country,KHM,Cambodia,Year,2019,true,Sex,Both sexes,SEX_BTSX,,,,,,,,,,73.18,,,,,,73.2,,,EN,2023-04-20T04:00:00.000Z
ORALHEALTH_SUGAR_AVAILABILITY,Per capita availability of refined sugar (g/day),numeric,EUR,Europe,Country,GRC,Greece,Year,2019,true,Sex,Both sexes,SEX_BTSX,,,,,,,,,,74.27,,,,,,74.3,,,EN,2023-04-20T04:00:00.000Z
ORALHEALTH_SUGAR_AVAILABILITY,Per capita availability of refined sugar (g/day),numeric,EUR,Europe,Country,ROU,Romania,Year,2019,true,Sex,Both sexes,SEX_BTSX,,,,,,,,,,74.27,,,,,,74.3,,,EN,2023-04-20T04:00:00.000Z
ORALHEALTH_SUGAR_AVAILABILITY,Per capita availability of refined sugar (g/day),numeric,EUR,Europe,Country,BGR,Bulgaria,Year,2019,true,Sex,Both sexes,SEX_BTSX,,,,,,,,,,74.41,,,,,,74.4,,,EN,2023-04-20T04:00:00.000Z
ORALHEALTH_SUGAR_AVAILABILITY,Per capita availability of refined sugar (g/day),numeric,EUR,Europe,Country,NOR,Norway,Year,2019,true,Sex,Both sexes,SEX_BTSX,,,,,,,,,,74.36,,,,,,74.4,,,EN,2023-04-20T04:00:00.000Z
ORALHEALTH_SUGAR_AVAILABILITY,Per capita availability of refined sugar (g/day),numeric,EMR,Eastern Mediterranean,Country,IRN,Iran (Islamic Republic of),Year,2019,true,Sex,Both sexes,SEX_BTSX,,,,,,,,,,74.58,,,,,,74.6,,,EN,2023-04-20T04:00:00.000Z
ORALHEALTH_SUGAR_AVAILABILITY,Per capita availability of refined sugar (g/day),numeric,AFR,Africa,Country,DZA,Algeria,Year,2019,true,Sex,Both sexes,SEX_BTSX,,,,,,,,,,75.12,,,,,,75.1,,,EN,2023-04-20T04:00:00.000Z
ORALHEALTH_SUGAR_AVAILABILITY,Per capita availability of refined sugar (g/day),numeric,SEAR,South-East Asia,Country,LKA,Sri Lanka,Year,2019,true,Sex,Both sexes,SEX_BTSX,,,,,,,,,,75.62,,,,,,75.6,,,EN,2023-04-20T04:00:00.000Z
ORALHEALTH_SUGAR_AVAILABILITY,Per capita availability of refined sugar (g/day),numeric,AMR,Americas,Country,VEN,Venezuela (Bolivarian Republic of),Year,2019,true,Sex,Both sexes,SEX_BTSX,,,,,,,,,,75.84,,,,,,75.8,,,EN,2023-04-20T04:00:00.000Z
ORALHEALTH_SUGAR_AVAILABILITY,Per capita availability of refined sugar (g/day),numeric,EMR,Eastern Mediterranean,Country,LBY,Libya,Year,2019,true,Sex,Both sexes,SEX_BTSX,,,,,,,,,,77.07,,,,,,77.1,,,EN,2023-04-20T04:00:00.000Z
ORALHEALTH_SUGAR_AVAILABILITY,Per capita availability of refined sugar (g/day),numeric,EMR,Eastern Mediterranean,Country,SDN,Sudan,Year,2019,true,Sex,Both sexes,SEX_BTSX,,,,,,,,,,77.29,,,,,,77.3,,,EN,2023-04-20T04:00:00.000Z
ORALHEALTH_SUGAR_AVAILABILITY,Per capita availability of refined sugar (g/day),numeric,WPR,Western Pacific,Country,KOR,Republic of Korea,Year,2019,true,Sex,Both sexes,SEX_BTSX,,,,,,,,,,77.37,,,,,,77.4,,,EN,2023-04-20T04:00:00.000Z
ORALHEALTH_SUGAR_AVAILABILITY,Per capita availability of refined sugar (g/day),numeric,EUR,Europe,Country,SVN,Slovenia,Year,2019,true,Sex,Both sexes,SEX_BTSX,,,,,,,,,,77.64,,,,,,77.6,,,EN,2023-04-20T04:00:00.000Z
ORALHEALTH_SUGAR_AVAILABILITY,Per capita availability of refined sugar (g/day),numeric,EUR,Europe,Country,FIN,Finland,Year,2019,true,Sex,Both sexes,SEX_BTSX,,,,,,,,,,79.78,,,,,,79.8,,,EN,2023-04-20T04:00:00.000Z
ORALHEALTH_SUGAR_AVAILABILITY,Per capita availability of refined sugar (g/day),numeric,SEAR,South-East Asia,Country,MMR,Myanmar,Year,2019,true,Sex,Both sexes,SEX_BTSX,,,,,,,,,,8.49,,,,,,8.5,,,EN,2023-04-20T04:00:00.000Z
ORALHEALTH_SUGAR_AVAILABILITY,Per capita availability of refined sugar (g/day),numeric,EUR,Europe,Country,ISL,Iceland,Year,2019,true,Sex,Both sexes,SEX_BTSX,,,,,,,,,,80.08,,,,,,80.1,,,EN,2023-04-20T04:00:00.000Z
ORALHEALTH_SUGAR_AVAILABILITY,Per capita availability of refined sugar (g/day),numeric,EUR,Europe,Country,CZE,Czechia,Year,2019,true,Sex,Both sexes,SEX_BTSX,,,,,,,,,,80.82,,,,,,80.8,,,EN,2023-04-20T04:00:00.000Z
ORALHEALTH_SUGAR_AVAILABILITY,Per capita availability of refined sugar (g/day),numeric,EUR,Europe,Country,GBR,United Kingdom of Great Britain and Northern Ireland,Year,2019,true,Sex,Both sexes,SEX_BTSX,,,,,,,,,,81.67,,,,,,81.7,,,EN,2023-04-20T04:00:00.000Z
ORALHEALTH_SUGAR_AVAILABILITY,Per capita availability of refined sugar (g/day),numeric,EMR,Eastern Mediterranean,Country,JOR,Jordan,Year,2019,true,Sex,Both sexes,SEX_BTSX,,,,,,,,,,82.03,,,,,,82.0,,,EN,2023-04-20T04:00:00.000Z
ORALHEALTH_SUGAR_AVAILABILITY,Per capita availability of refined sugar (g/day),numeric,AFR,Africa,Country,ZAF,South Africa,Year,2019,true,Sex,Both sexes,SEX_BTSX,,,,,,,,,,82.14,,,,,,82.1,,,EN,2023-04-20T04:00:00.000Z
ORALHEALTH_SUGAR_AVAILABILITY,Per capita availability of refined sugar (g/day),numeric,EMR,Eastern Mediterranean,Country,SAU,Saudi Arabia,Year,2019,true,Sex,Both sexes,SEX_BTSX,,,,,,,,,,82.93,,,,,,82.9,,,EN,2023-04-20T04:00:00.000Z
ORALHEALTH_SUGAR_AVAILABILITY,Per capita availability of refined sugar (g/day),numeric,EUR,Europe,Country,TUR,Türkiye,Year,2019,true,Sex,Both sexes,SEX_BTSX,,,,,,,,,,83.81,,,,,,83.8,,,EN,2023-04-20T04:00:00.000Z
ORALHEALTH_SUGAR_AVAILABILITY,Per capita availability of refined sugar (g/day),numeric,EUR,Europe,Country,ARM,Armenia,Year,2019,true,Sex,Both sexes,SEX_BTSX,,,,,,,,,,85.32,,,,,,85.3,,,EN,2023-04-20T04:00:00.000Z
ORALHEALTH_SUGAR_AVAILABILITY,Per capita availability of refined sugar (g/day),numeric,EUR,Europe,Country,LVA,Latvia,Year,2019,true,Sex,Both sexes,SEX_BTSX,,,,,,,,,,86.08,,,,,,86.1,,,EN,2023-04-20T04:00:00.000Z
ORALHEALTH_SUGAR_AVAILABILITY,Per capita availability of refined sugar (g/day),numeric,EUR,Europe,Country,ITA,Italy,Year,2019,true,Sex,Both sexes,SEX_BTSX,,,,,,,,,,87.45,,,,,,87.5,,,EN,2023-04-20T04:00:00.000Z
ORALHEALTH_SUGAR_AVAILABILITY,Per capita availability of refined sugar (g/day),numeric,AMR,Americas,Country,COL,Colombia,Year,2019,true,Sex,Both sexes,SEX_BTSX,,,,,,,,,,88.11,,,,,,88.1,,,EN,2023-04-20T04:00:00.000Z
ORALHEALTH_SUGAR_AVAILABILITY,Per capita availability of refined sugar (g/day),numeric,AMR,Americas,Country,BHS,Bahamas,Year,2019,true,Sex,Both sexes,SEX_BTSX,,,,,,,,,,88.41,,,,,,88.4,,,EN,2023-04-20T04:00:00.000Z
ORALHEALTH_SUGAR_AVAILABILITY,Per capita availability of refined sugar (g/day),numeric,EUR,Europe,Country,ESP,Spain,Year,2019,true,Sex,Both sexes,SEX_BTSX,,,,,,,,,,89.42,,,,,,89.4,,,EN,2023-04-20T04:00:00.000Z
ORALHEALTH_SUGAR_AVAILABILITY,Per capita availability of refined sugar (g/day),numeric,AFR,Africa,Country,BDI,Burundi,Year,2019,true,Sex,Both sexes,SEX_BTSX,,,,,,,,,,9.23,,,,,,9.2,,,EN,2023-04-20T04:00:00.000Z
ORALHEALTH_SUGAR_AVAILABILITY,Per capita availability of refined sugar (g/day),numeric,AFR,Africa,Country,GNB,Guinea-Bissau,Year,2019,true,Sex,Both sexes,SEX_BTSX,,,,,,,,,,9.78,,,,,,9.8,,,EN,2023-04-20T04:00:00.000Z
ORALHEALTH_SUGAR_AVAILABILITY,Per capita availability of refined sugar (g/day),numeric,EMR,Eastern Mediterranean,Country,TUN,Tunisia,Year,2019,true,Sex,Both sexes,SEX_BTSX,,,,,,,,,,90.58,,,,,,90.6,,,EN,2023-04-20T04:00:00.000Z
ORALHEALTH_SUGAR_AVAILABILITY,Per capita availability of refined sugar (g/day),numeric,AMR,Americas,Country,USA,United States of America,Year,2019,true,Sex,Both sexes,SEX_BTSX,,,,,,,,,,90.66,,,,,,90.7,,,EN,2023-04-20T04:00:00.000Z
ORALHEALTH_SUGAR_AVAILABILITY,Per capita availability of refined sugar (g/day),numeric,AFR,Africa,Country,SYC,Seychelles,Year,2019,true,Sex,Both sexes,SEX_BTSX,,,,,,,,,,91.32,,,,,,91.3,,,EN,2023-04-20T04:00:00.000Z
ORALHEALTH_SUGAR_AVAILABILITY,Per capita availability of refined sugar (g/day),numeric,EUR,Europe,Country,UKR,Ukraine,Year,2019,true,Sex,Both sexes,SEX_BTSX,,,,,,,,,,91.26,,,,,,91.3,,,EN,2023-04-20T04:00:00.000Z
ORALHEALTH_SUGAR_AVAILABILITY,Per capita availability of refined sugar (g/day),numeric,EUR,Europe,Country,ISR,Israel,Year,2019,true,Sex,Both sexes,SEX_BTSX,,,,,,,,,,91.42,,,,,,91.4,,,EN,2023-04-20T04:00:00.000Z
ORALHEALTH_SUGAR_AVAILABILITY,Per capita availability of refined sugar (g/day),numeric,EMR,Eastern Mediterranean,Country,MAR,Morocco,Year,2019,true,Sex,Both sexes,SEX_BTSX,,,,,,,,,,91.81,,,,,,91.8,,,EN,2023-04-20T04:00:00.000Z
ORALHEALTH_SUGAR_AVAILABILITY,Per capita availability of refined sugar (g/day),numeric,AMR,Americas,Country,GRD,Grenada,Year,2019,true,Sex,Both sexes,SEX_BTSX,,,,,,,,,,91.97,,,,,,92.0,,,EN,2023-04-20T04:00:00.000Z
ORALHEALTH_SUGAR_AVAILABILITY,Per capita availability of refined sugar (g/day),numeric,EUR,Europe,Country,SWE,Sweden,Year,2019,true,Sex,Both sexes,SEX_BTSX,,,,,,,,,,92.36,,,,,,92.4,,,EN,2023-04-20T04:00:00.000Z
ORALHEALTH_SUGAR_AVAILABILITY,Per capita availability of refined sugar (g/day),numeric,AFR,Africa,Country,GMB,Gambia,Year,2019,true,Sex,Both sexes,SEX_BTSX,,,,,,,,,,93.42,,,,,,93.4,,,EN,2023-04-20T04:00:00.000Z
ORALHEALTH_SUGAR_AVAILABILITY,Per capita availability of refined sugar (g/day),numeric,EUR,Europe,Country,LTU,Lithuania,Year,2019,true,Sex,Both sexes,SEX_BTSX,,,,,,,,,,93.92,,,,,,93.9,,,EN,2023-04-20T04:00:00.000Z
ORALHEALTH_SUGAR_AVAILABILITY,Per capita availability of refined sugar (g/day),numeric,AMR,Americas,Country,MEX,Mexico,Year,2019,true,Sex,Both sexes,SEX_BTSX,,,,,,,,,,93.89,,,,,,93.9,,,EN,2023-04-20T04:00:00.000Z
ORALHEALTH_SUGAR_AVAILABILITY,Per capita availability of refined sugar (g/day),numeric,EMR,Eastern Mediterranean,Country,ARE,United Arab Emirates,Year,2019,true,Sex,Both sexes,SEX_BTSX,,,,,,,,,,94.36,,,,,,94.4,,,EN,2023-04-20T04:00:00.000Z
ORALHEALTH_SUGAR_AVAILABILITY,Per capita availability of refined sugar (g/day),numeric,AMR,Americas,Country,CAN,Canada,Year,2019,true,Sex,Both sexes,SEX_BTSX,,,,,,,,,,94.52,,,,,,94.5,,,EN,2023-04-20T04:00:00.000Z
ORALHEALTH_SUGAR_AVAILABILITY,Per capita availability of refined sugar (g/day),numeric,EMR,Eastern Mediterranean,Country,KWT,Kuwait,Year,2019,true,Sex,Both sexes,SEX_BTSX,,,,,,,,,,94.58,,,,,,94.6,,,EN,2023-04-20T04:00:00.000Z
ORALHEALTH_SUGAR_AVAILABILITY,Per capita availability of refined sugar (g/day),numeric,AFR,Africa,Country,MUS,Mauritius,Year,2019,true,Sex,Both sexes,SEX_BTSX,,,,,,,,,,95.42,,,,,,95.4,,,EN,2023-04-20T04:00:00.000Z
ORALHEALTH_SUGAR_AVAILABILITY,Per capita availability of refined sugar (g/day),numeric,EUR,Europe,Country,RUS,Russian Federation,Year,2019,true,Sex,Both sexes,SEX_BTSX,,,,,,,,,,96.99,,,,,,97.0,,,EN,2023-04-20T04:00:00.000Z
ORALHEALTH_SUGAR_AVAILABILITY,Per capita availability of refined sugar (g/day),numeric,EUR,Europe,Country,GEO,Georgia,Year,2019,true,Sex,Both sexes,SEX_BTSX,,,,,,,,,,97.42,,,,,,97.4,,,EN,2023-04-20T04:00:00.000Z
ORALHEALTH_SUGAR_AVAILABILITY,Per capita availability of refined sugar (g/day),numeric,AMR,Americas,Country,VCT,Saint Vincent and the Grenadines,Year,2019,true,Sex,Both sexes,SEX_BTSX,,,,,,,,,,97.4,,,,,,97.4,,,EN,2023-04-20T04:00:00.000Z
ORALHEALTH_SUGAR_AVAILABILITY,Per capita availability of refined sugar (g/day),numeric,EUR,Europe,Country,FRA,France,Year,2019,true,Sex,Both sexes,SEX_BTSX,,,,,,,,,,97.51,,,,,,97.5,,,EN,2023-04-20T04:00:00.000Z
ORALHEALTH_SUGAR_AVAILABILITY,Per capita availability of refined sugar (g/day),numeric,EUR,Europe,Country,NLD,Netherlands,Year,2019,true,Sex,Both sexes,SEX_BTSX,,,,,,,,,,98.38,,,,,,98.4,,,EN,2023-04-20T04:00:00.000Z
ORALHEALTH_SUGAR_AVAILABILITY,Per capita availability of refined sugar (g/day),numeric,AMR,Americas,Country,KNA,Saint Kitts and Nevis,Year,2019,true,Sex,Both sexes,SEX_BTSX,,,,,,,,,,99.45,,,,,,99.5,,,EN,2023-04-20T04:00:00.000Z
